,Choice,NestedIFs,Recursion
1,0.049007999999999996,0.01262,0.064327
2,0.064715,0.037884,0.09784599999999999
3,0.09149200000000002,0.07267699999999999,0.14204599999999995
4,inf,0.11899799999999994,0.199851
5,0.143513,0.2344090000000001,0.2609189999999999
6,0.17210400000000003,inf,0.30111699999999963
7,inf,inf,inf
8,inf,inf,inf
9,inf,inf,inf
10,inf,inf,inf
11,inf,inf,inf
12,inf,inf,inf
13,inf,inf,inf
14,inf,inf,inf
15,inf,inf,inf
